Bitrate,Codec,RunTimes,Duration,Idle Power (W),Total Power (W),FFmpeg Power (W),Total Energy (J),Ffmpeg Energy (J),CPU Avg (%),CPU Max (%),Temp Avg (°C),Temp Max (°C),VMAF Mean
100,libx264,1,1.435120177,2.20,138.59,136.39,198.902139,195.744874611,25.15,31.00,16.0,16.0,7.3095
100,libx264,2,1.439747922,2.82,139.92,137.10,201.450290,197.390200860,26.00,31.00,16.0,16.0,
100,libx264,3,1.370481782,4.60,142.77,138.17,195.671497,189.367280803,26.46,30.00,16.0,16.0,
200,libx264,1,1.491036380,2.39,137.42,135.03,204.900659,201.337082052,25.29,30.00,16.0,16.0,11.4916
200,libx264,2,1.439516026,2.43,141.38,138.95,203.524809,200.026785057,26.31,32.00,16.0,16.0,
200,libx264,3,1.445615624,2.43,142.63,140.20,206.201559,202.688713034,26.69,31.00,16.0,16.0,
500,libx264,1,1.457159011,2.82,141.93,139.11,206.825825,202.716636589,30.46,40.00,16.0,16.0,18.7080
500,libx264,2,1.462724928,2.64,145.72,143.08,213.158146,209.296552191,28.69,33.00,16.0,16.0,
500,libx264,3,1.489716824,2.41,141.68,139.27,211.068796,207.478578455,28.21,37.00,16.0,16.0,
700,libx264,1,1.411963114,1.95,152.08,150.13,214.733093,211.979764928,32.92,38.00,16.0,16.0,22.8515
700,libx264,2,1.455803005,3.35,149.40,146.05,217.509087,212.632146934,30.54,39.00,16.0,16.0,
700,libx264,3,1.472544947,2.11,147.28,145.17,216.878778,213.771708162,30.00,36.00,16.0,16.0,
1000,libx264,1,1.475183160,2.75,151.23,148.48,223.105141,219.048387310,32.43,38.00,16.0,16.0,32.5439
1000,libx264,2,1.566605065,2.50,147.09,144.59,230.433187,226.516674338,30.00,40.00,16.0,16.0,
1000,libx264,3,1.433658625,1.96,156.05,154.09,223.726722,220.916751095,35.08,40.00,16.0,16.0,
2000,libx264,1,1.435998511,2.14,165.06,162.92,237.036197,233.963160187,40.54,55.00,16.0,16.0,59.7448
2000,libx264,2,1.553577042,2.28,155.25,152.97,241.206902,237.664746345,34.43,47.00,16.0,16.0,
2000,libx264,3,1.483341450,2.12,160.66,158.54,238.325073,235.180389126,39.29,45.00,16.0,16.0,
3000,libx264,1,1.520782358,2.38,164.53,162.15,250.222320,246.602857988,41.64,54.00,16.0,16.0,74.4594
3000,libx264,2,1.517732347,1.97,167.41,165.44,254.097921,251.107988277,43.14,54.00,16.0,16.0,
3000,libx264,3,1.498548030,2.35,168.34,165.99,252.272486,248.750898130,41.79,53.00,16.0,16.0,
4000,libx264,1,1.512336460,2.67,171.74,169.07,259.740058,255.702119652,43.79,55.00,16.0,16.0,82.8196
4000,libx264,2,1.527342201,2.42,167.19,164.77,255.364154,251.667985874,44.07,52.00,16.0,16.0,
4000,libx264,3,1.496881565,2.02,167.32,165.30,250.463348,247.439647239,45.29,55.00,16.0,16.0,
5000,libx264,1,1.566798037,2.26,170.20,167.94,266.683582,263.142618437,44.40,58.00,16.0,16.0,88.0722
5000,libx264,2,1.571592827,2.77,166.61,163.84,261.843629,257.490316870,44.73,56.00,16.0,16.0,
5000,libx264,3,1.643229584,2.64,168.69,166.05,277.197411,272.859284899,42.60,62.00,16.0,16.0,
7000,libx264,1,1.742412200,2.72,167.03,164.31,291.038561,286.299199816,41.00,55.00,16.0,16.0,94.0558
7000,libx264,2,1.563458358,2.20,178.28,176.08,278.739094,275.299485613,49.29,66.00,16.0,16.0,
7000,libx264,3,1.571943925,2.28,178.13,175.85,280.018997,276.434964851,48.20,64.00,16.0,16.0,
10000,libx264,1,1.703132191,3.04,180.35,177.31,307.172493,301.994971140,48.25,65.00,16.0,16.0,97.7250
10000,libx264,2,1.545586362,2.20,187.04,184.84,289.101921,285.701631004,55.79,70.00,16.0,16.0,
10000,libx264,3,1.634651521,2.63,184.66,182.03,301.868062,297.568928500,51.13,70.00,16.0,16.0,
20000,libx264,1,1.970570114,2.85,186.64,183.79,367.793553,362.177428176,48.61,71.00,16.0,16.0,99.7896
20000,libx264,2,1.974693838,4.94,184.48,179.54,364.299360,354.544372441,47.42,59.00,16.0,16.0,
20000,libx264,3,1.817445304,1.80,192.90,191.10,350.587177,347.315775453,54.41,72.00,16.0,16.0,
30000,libx264,1,2.050976913,2.94,191.52,188.58,392.814974,386.785101876,53.58,64.00,16.0,16.0,99.8904
30000,libx264,2,2.035073910,2.78,191.35,188.57,389.431559,383.774053531,54.37,68.00,16.0,16.0,
30000,libx264,3,2.080840022,2.54,189.39,186.85,394.104399,388.819065345,52.05,60.00,16.0,16.0,
50000,libx264,1,2.199335358,2.75,204.00,201.25,448.668163,442.619990766,61.00,69.00,16.0,16.0,99.9279
50000,libx264,2,2.196107171,2.63,205.72,203.09,451.784732,446.008970141,61.05,68.00,16.0,16.0,
50000,libx264,3,2.214017397,2.82,202.85,200.03,449.122996,442.879466941,60.62,72.00,16.0,16.0,
100,libx265,1,8.727421397,3.03,38.49,35.46,335.943049,309.498962168,26.51,35.00,16.0,16.0,8.6685
100,libx265,2,9.081128474,3.22,35.78,32.56,324.933800,295.692566314,27.08,36.00,16.0,16.0,
100,libx265,3,8.799092144,3.14,37.97,34.83,334.131346,306.502196668,26.84,35.00,16.0,16.0,
200,libx265,1,5.880223679,2.39,105.76,103.37,621.906611,607.852876408,30.05,42.00,16.0,16.0,18.0710
200,libx265,2,5.738074520,3.21,110.40,107.19,633.534023,615.114803791,30.42,44.00,16.0,16.0,
200,libx265,3,5.827073725,2.75,109.54,106.79,638.329970,622.305517257,29.69,46.00,16.0,16.0,
500,libx265,1,5.568613807,3.03,156.86,153.83,873.542441,856.669541165,38.58,51.00,16.0,16.0,40.3708
500,libx265,2,5.481953156,2.51,158.25,155.74,867.524085,853.764382579,39.19,53.00,16.0,16.0,
500,libx265,3,5.542419472,2.91,159.28,156.37,882.822447,866.694006337,39.26,56.00,16.0,16.0,
700,libx265,1,5.734782938,2.27,168.04,165.77,963.709630,950.691672731,41.38,56.00,16.0,16.0,49.8507
700,libx265,2,5.695125864,3.23,169.79,166.56,967.019985,948.624728460,41.85,57.00,16.0,16.0,
700,libx265,3,5.691059388,2.59,171.32,168.73,975.008124,960.268280186,41.49,56.00,16.0,16.0,
1000,libx265,1,6.080945327,2.65,174.95,172.30,1063.902000,1047.787494884,43.91,59.00,16.0,16.0,60.3078
1000,libx265,2,6.035605992,2.25,178.65,176.40,1078.262193,1064.682079518,44.22,57.00,16.0,16.0,
1000,libx265,3,6.005945309,2.79,179.01,176.22,1075.148981,1058.392393588,44.40,61.00,16.0,16.0,
2000,libx265,1,7.100133722,2.75,185.05,182.30,1313.922174,1294.396806265,46.81,68.00,16.0,16.0,79.0550
2000,libx265,2,7.039438813,2.57,186.73,184.16,1314.498404,1296.407046251,47.03,64.00,16.0,16.0,
2000,libx265,3,7.064761155,2.88,187.06,184.18,1321.578892,1301.232379874,46.76,64.00,16.0,16.0,
3000,libx265,1,7.743426458,2.99,190.11,187.12,1472.110245,1448.957399891,47.95,63.00,16.0,16.0,87.3780
3000,libx265,2,7.691274061,2.20,191.24,189.04,1470.910174,1453.989371066,48.57,69.00,16.0,16.0,
3000,libx265,3,7.724795726,2.90,190.96,188.06,1475.200936,1452.799028395,48.23,66.00,16.0,16.0,
4000,libx265,1,8.227644019,2.47,193.27,190.80,1590.164081,1569.841800274,49.27,66.00,16.0,16.0,91.9188
4000,libx265,2,8.244016679,2.41,192.97,190.56,1590.855669,1570.987588804,49.04,69.00,16.0,16.0,
4000,libx265,3,8.233924785,2.73,192.67,189.94,1586.488675,1564.010060337,49.37,74.00,16.0,16.0,
5000,libx265,1,8.614728044,2.66,195.44,192.78,1683.740075,1660.824898403,50.00,71.00,16.0,16.0,94.6361
5000,libx265,2,8.600891674,2.96,195.46,192.50,1681.183257,1655.724617645,49.95,67.00,16.0,16.0,
5000,libx265,3,8.578097717,2.60,196.33,193.73,1684.184471,1661.881416936,49.96,66.00,16.0,16.0,
7000,libx265,1,9.277969122,2.75,197.44,194.69,1831.923044,1806.408628915,50.61,67.00,16.0,16.0,97.5250
7000,libx265,2,9.255214714,2.83,198.81,195.98,1840.110401,1813.918143360,50.98,65.00,16.0,16.0,
7000,libx265,3,9.262024204,3.16,198.44,195.28,1838.042841,1808.774844516,51.16,72.00,16.0,16.0,
10000,libx265,1,9.941986001,2.66,201.44,198.78,2002.752747,1976.307064238,52.03,66.00,16.0,16.0,99.1054
10000,libx265,2,9.939528920,2.64,199.88,197.24,1986.748698,1960.508341652,51.76,67.00,16.0,16.0,
10000,libx265,3,9.982022064,2.72,200.77,198.05,2004.130490,1976.979389986,52.01,67.00,16.0,16.0,
20000,libx265,1,11.496066192,2.04,204.87,202.83,2355.222120,2331.770144969,53.86,69.00,16.0,16.0,99.8576
20000,libx265,2,11.529870511,2.66,203.58,200.92,2347.288486,2316.619030441,53.81,69.00,16.0,16.0,
20000,libx265,3,11.674958860,2.75,202.08,199.33,2359.317752,2327.211615135,54.56,72.00,16.0,16.0,
30000,libx265,1,12.588713552,2.90,206.41,203.51,2598.440797,2561.933527700,55.14,70.00,16.0,16.0,99.9093
30000,libx265,2,12.618221735,2.87,204.23,201.36,2577.022700,2540.808403621,54.91,68.00,16.0,16.0,
30000,libx265,3,12.611524481,2.92,205.14,202.22,2587.241729,2550.416077516,55.00,69.00,16.0,16.0,
50000,libx265,1,14.184364985,3.05,208.43,205.38,2956.500366,2913.238052796,57.08,72.00,16.0,16.0,99.9366
50000,libx265,2,14.151467503,3.12,209.52,206.40,2965.060830,2920.908251391,56.88,68.00,16.0,16.0,
50000,libx265,3,14.223498904,3.19,207.43,204.24,2950.417252,2905.044290497,56.69,71.00,16.0,16.0,
100,libvpx-vp9,1,28.824706468,2.94,103.77,100.83,2991.381380,2906.636742985,11.68,20.00,16.0,16.0,36.7462
100,libvpx-vp9,2,28.904581126,2.76,104.36,101.60,3016.604521,2936.827877093,11.66,15.00,16.0,16.0,
100,libvpx-vp9,3,29.086521594,2.82,102.24,99.42,2973.859757,2891.835766105,11.67,22.00,16.0,16.0,
200,libvpx-vp9,1,29.235230116,2.91,102.16,99.25,2986.799117,2901.724597363,11.65,15.00,16.0,16.0,38.4313
200,libvpx-vp9,2,29.278418333,2.64,102.14,99.50,2990.751865,2913.456840601,11.64,14.00,16.0,16.0,
200,libvpx-vp9,3,29.435108536,2.84,101.83,98.99,2997.414995,2913.819286758,11.65,15.00,16.0,16.0,
500,libvpx-vp9,1,31.283907087,2.63,101.45,98.82,3173.815606,3091.538930362,11.68,19.00,16.0,16.0,47.9223
500,libvpx-vp9,2,30.880006054,4.16,103.29,99.13,3189.598891,3061.138065816,11.74,14.00,16.0,16.0,
500,libvpx-vp9,3,31.195981547,2.83,102.42,99.59,3195.397765,3107.113137222,11.68,15.00,16.0,16.0,
700,libvpx-vp9,1,32.796204425,2.68,101.47,98.79,3327.887477,3239.993649141,11.64,15.00,16.0,16.0,55.2987
700,libvpx-vp9,2,32.850808744,2.45,102.89,100.44,3380.053053,3299.568571578,11.76,23.00,16.0,16.0,
700,libvpx-vp9,3,32.656518274,2.63,103.11,100.48,3367.233567,3281.346923940,11.77,21.00,16.0,16.0,
1000,libvpx-vp9,1,34.243289301,2.52,101.58,99.06,3478.489813,3392.196723962,11.73,16.00,16.0,16.0,64.3394
1000,libvpx-vp9,2,34.494186377,2.50,101.28,98.78,3493.837979,3407.602513058,11.69,15.00,16.0,16.0,
1000,libvpx-vp9,3,34.477455603,2.70,102.03,99.33,3517.834806,3424.745675872,11.66,14.00,16.0,16.0,
2000,libvpx-vp9,1,41.672822008,2.48,100.91,98.43,4205.619116,4102.270517421,11.54,15.00,16.0,16.0,80.0223
2000,libvpx-vp9,2,41.695963034,2.39,100.67,98.28,4197.638607,4097.985255349,11.61,26.00,16.0,16.0,
2000,libvpx-vp9,3,41.487887749,2.50,100.44,97.94,4167.099012,4063.379292628,11.64,19.00,16.0,16.0,
3000,libvpx-vp9,1,46.824324086,2.72,99.36,96.64,4652.618766,4525.256604487,11.51,15.00,16.0,16.0,87.0109
3000,libvpx-vp9,2,46.820051851,2.68,100.15,97.47,4689.422504,4563.944765040,11.48,15.00,16.0,16.0,
3000,libvpx-vp9,3,46.915424738,2.66,99.70,97.04,4677.780688,4552.985658197,11.52,15.00,16.0,16.0,
4000,libvpx-vp9,1,51.872203277,2.47,99.92,97.45,5183.241674,5055.117331906,11.46,19.00,16.0,16.0,91.0537
4000,libvpx-vp9,2,51.982919097,2.41,98.86,96.45,5139.107877,5013.829041977,11.50,20.00,16.0,16.0,
4000,libvpx-vp9,3,51.944645143,2.92,99.41,96.49,5164.198572,5012.520208183,11.46,16.00,16.0,16.0,
5000,libvpx-vp9,1,55.852742062,2.79,98.03,95.24,5475.687154,5319.858003648,11.45,15.00,16.0,16.0,93.3606
5000,libvpx-vp9,2,55.736591418,2.58,99.53,96.95,5547.494160,5403.693754142,11.47,15.00,16.0,16.0,
5000,libvpx-vp9,3,55.974214098,1.79,97.94,96.15,5482.311587,5382.117743765,11.41,17.00,16.0,16.0,
7000,libvpx-vp9,1,62.292295540,2.65,98.85,96.20,6157.807295,5992.732711819,11.50,20.00,16.0,16.0,96.2163
7000,libvpx-vp9,2,62.277132442,2.93,99.62,96.69,6204.464891,6021.992892945,11.48,15.00,16.0,16.0,
7000,libvpx-vp9,3,62.234652002,2.73,98.63,95.90,6138.530306,5968.629706035,11.44,15.00,16.0,16.0,
10000,libvpx-vp9,1,70.008659205,2.44,97.23,94.79,6807.260039,6636.438910540,11.55,22.00,16.0,16.0,98.2095
10000,libvpx-vp9,2,70.246955688,1.99,97.69,95.70,6862.855661,6723.064219181,11.54,18.00,16.0,16.0,
10000,libvpx-vp9,3,69.918493071,1.75,99.18,97.43,6934.935738,6812.578375126,11.56,24.00,16.0,16.0,
20000,libvpx-vp9,1,87.924028350,2.32,98.77,96.45,8684.522079,8480.538333228,11.72,18.00,16.0,16.0,99.7450
20000,libvpx-vp9,2,87.886618200,2.76,98.87,96.11,8689.680452,8447.113385768,11.71,17.00,16.0,16.0,
20000,libvpx-vp9,3,87.926308434,2.32,99.84,97.52,8778.902208,8574.913172434,11.73,23.00,16.0,16.0,
30000,libvpx-vp9,1,100.173983204,2.25,100.28,98.03,10045.685892,9820.294429791,11.92,18.00,16.0,16.0,99.8915
30000,libvpx-vp9,2,100.202786829,2.64,100.40,97.76,10061.344299,9796.808941772,11.93,19.00,16.0,16.0,
30000,libvpx-vp9,3,100.334374056,3.33,100.21,96.88,10054.730547,9720.617081394,11.93,22.00,16.0,16.0,
50000,libvpx-vp9,1,118.175187178,2.08,100.89,98.81,11922.738460,11676.934070670,12.16,25.00,16.0,16.0,99.9252
50000,libvpx-vp9,2,118.358929556,3.47,102.15,98.68,12090.956169,11680.250683441,12.20,19.00,16.0,16.0,
50000,libvpx-vp9,3,118.205053090,1.57,102.49,100.92,12115.466177,11929.884243649,12.19,26.00,16.0,16.0,
100,libsvtav1,1,35.814670226,2.49,175.67,173.18,6291.638617,6202.460088138,42.89,86.00,16.0,16.0,49.0431
100,libsvtav1,2,36.315043508,2.35,174.69,172.34,6344.002436,6258.662083757,43.27,95.00,16.0,16.0,
100,libsvtav1,3,36.163942070,2.28,175.85,173.57,6359.583389,6277.129601081,42.97,92.00,16.0,16.0,
200,libsvtav1,1,36.449326847,2.25,175.52,173.27,6397.653666,6315.642680595,43.09,87.00,16.0,16.0,49.2208
200,libsvtav1,2,36.402584749,3.35,177.34,173.99,6455.846632,6333.897973091,42.90,88.00,16.0,16.0,
200,libsvtav1,3,36.047098193,2.76,178.41,175.65,6431.353348,6331.863356988,43.18,90.00,16.0,16.0,
500,libsvtav1,1,38.940740999,2.35,176.89,174.54,6888.349492,6796.838750653,42.28,86.00,16.0,16.0,58.8081
500,libsvtav1,2,39.134975518,2.88,174.56,171.68,6831.751248,6719.042518509,42.05,91.00,16.0,16.0,
500,libsvtav1,3,38.781380253,2.41,176.40,173.99,6841.084171,6747.621044591,42.37,84.00,16.0,16.0,
700,libsvtav1,1,42.301837385,2.61,173.35,170.74,7333.202480,7222.794684426,41.47,93.00,16.0,16.0,67.0404
700,libsvtav1,2,42.723881137,2.23,170.81,168.58,7298.080255,7202.806000065,41.28,85.00,16.0,16.0,
700,libsvtav1,3,42.112725283,2.54,175.25,172.71,7380.403347,7273.437024782,41.18,89.00,16.0,16.0,
1000,libsvtav1,1,45.243063738,1.59,166.70,165.11,7542.376688,7470.440216657,39.35,85.00,16.0,16.0,75.2348
1000,libsvtav1,2,47.126227202,45.04,179.68,134.64,8468.028432,6345.463158822,42.77,94.00,16.0,16.0,
1000,libsvtav1,3,47.083256229,48.64,179.28,130.64,8441.263058,6151.133475022,42.67,83.00,16.0,16.0,
2000,libsvtav1,1,52.767079995,37.70,178.34,140.64,9410.925615,7421.606699189,41.89,87.00,16.0,16.0,87.9722
2000,libsvtav1,2,51.311350552,2.80,165.49,162.69,8491.973561,8348.301779455,38.03,85.00,16.0,16.0,
2000,libsvtav1,3,51.279192642,2.30,164.45,162.15,8433.167742,8315.225598924,37.88,85.00,16.0,16.0,
3000,libsvtav1,1,57.174266105,5.90,161.81,155.91,9251.741452,8914.413281981,36.92,86.00,16.0,16.0,92.9404
3000,libsvtav1,2,56.975750732,2.35,162.15,159.80,9238.743499,9104.850484780,36.81,89.00,16.0,16.0,
3000,libsvtav1,3,57.131480168,2.69,161.93,159.24,9251.861508,9098.177826349,36.90,92.00,16.0,16.0,
4000,libsvtav1,1,59.366907724,2.24,159.41,157.17,9464.083865,9331.101991699,35.77,83.00,16.0,16.0,95.2262
4000,libsvtav1,2,59.482623914,3.13,159.20,156.07,9470.042591,9283.861978150,35.77,87.00,16.0,16.0,
4000,libsvtav1,3,59.603560948,2.14,158.91,156.77,9472.083601,9344.531980572,35.95,83.00,16.0,16.0,
5000,libsvtav1,1,63.691122994,2.23,158.95,156.72,10124.010093,9981.978888724,35.43,81.00,16.0,16.0,96.8176
5000,libsvtav1,2,63.536320299,2.63,159.19,156.56,10114.896958,9947.796435614,35.53,93.00,16.0,16.0,
5000,libsvtav1,3,62.960834316,2.54,161.45,158.91,10165.616676,10005.696156838,35.56,88.00,16.0,16.0,
7000,libsvtav1,1,67.541187354,5.31,155.22,149.91,10484.305680,10125.661975151,33.93,81.00,16.0,16.0,98.3281
7000,libsvtav1,2,67.282742469,2.48,156.22,153.74,10511.287178,10344.425976677,33.98,89.00,16.0,16.0,
7000,libsvtav1,3,67.232209074,2.27,154.61,152.34,10395.201599,10242.584484403,34.05,78.00,16.0,16.0,
10000,libsvtav1,1,73.313558860,2.33,155.25,152.92,11382.568639,11211.748046857,33.88,83.00,16.0,16.0,99.2593
10000,libsvtav1,2,73.054309715,2.62,157.56,154.94,11510.815076,11319.412784547,33.90,85.00,16.0,16.0,
10000,libsvtav1,3,73.590812082,3.72,153.55,149.83,11300.180911,11026.423090055,33.95,80.00,16.0,16.0,
20000,libsvtav1,1,85.497341944,2.43,154.94,152.51,13246.998070,13039.239529077,33.91,79.00,16.0,16.0,99.8259
20000,libsvtav1,2,84.953029858,3.09,156.09,153.00,13260.677539,12998.172676739,33.85,82.00,16.0,16.0,
20000,libsvtav1,3,85.036017888,2.68,156.35,153.67,13295.780233,13067.883705061,33.81,92.00,16.0,16.0,
30000,libsvtav1,1,90.501666182,3.39,155.96,152.57,14115.295652,13808.495003644,34.32,82.00,16.0,16.0,99.8892
30000,libsvtav1,2,90.103113088,2.64,157.44,154.80,14186.024414,13948.152195448,34.48,87.00,16.0,16.0,
30000,libsvtav1,3,90.704381702,2.24,157.60,155.36,14295.438501,14092.260685988,34.41,86.00,16.0,16.0,
50000,libsvtav1,1,95.872711985,2.23,159.61,157.38,15302.262401,15088.466253274,34.97,87.00,16.0,16.0,99.9173
50000,libsvtav1,2,95.265063834,2.53,160.50,157.97,15290.671976,15049.651364500,35.17,86.00,16.0,16.0,
50000,libsvtav1,3,95.583270343,2.71,160.22,157.51,15314.790750,15055.760087371,35.12,86.00,16.0,16.0,
100,libaom-av1,1,30.978117119,2.86,108.37,105.51,3357.348766,3268.751351040,14.91,21.00,16.0,16.0,33.3533
100,libaom-av1,2,31.188093984,2.89,107.52,104.63,3353.579794,3263.446202387,14.95,23.00,16.0,16.0,
100,libaom-av1,3,30.952212637,2.22,108.18,105.96,3348.466282,3279.752369946,14.98,23.00,16.0,16.0,
200,libaom-av1,1,31.789084517,2.59,105.84,103.25,3364.791251,3282.457522101,14.97,22.00,16.0,16.0,33.9470
200,libaom-av1,2,31.703608393,3.00,108.29,105.29,3433.251404,3338.140578821,14.99,23.00,16.0,16.0,
200,libaom-av1,3,31.890563654,2.79,107.14,104.35,3416.887493,3327.912820406,14.99,21.00,16.0,16.0,
500,libaom-av1,1,33.988917681,1.83,113.59,111.76,3860.853825,3798.654105644,15.21,24.00,16.0,16.0,40.7093
500,libaom-av1,2,34.542098459,2.83,110.38,107.55,3812.862553,3715.108414362,15.22,24.00,16.0,16.0,
500,libaom-av1,3,34.151599917,2.68,112.31,109.63,3835.903938,3744.377650223,15.35,24.00,16.0,16.0,
700,libaom-av1,1,35.057882244,2.60,108.78,106.18,3813.868227,3722.717733166,15.14,25.00,16.0,16.0,44.1831
700,libaom-av1,2,34.716525090,2.98,111.64,108.66,3876.081386,3772.626141232,15.24,24.00,16.0,16.0,
700,libaom-av1,3,34.893623414,2.30,110.19,107.89,3845.135481,3764.880147148,15.19,25.00,16.0,16.0,
1000,libaom-av1,1,38.055051924,2.50,111.72,109.22,4251.726847,4156.589217190,15.16,26.00,16.0,16.0,51.0604
1000,libaom-av1,2,38.074031444,2.45,113.89,111.44,4336.492927,4243.211549963,15.11,25.00,16.0,16.0,
1000,libaom-av1,3,38.262106090,2.72,111.23,108.51,4256.104644,4152.031715436,15.18,31.00,16.0,16.0,
2000,libaom-av1,1,46.556331921,2.56,114.48,111.92,5330.224391,5211.040181283,15.16,28.00,16.0,16.0,65.9645
2000,libaom-av1,2,46.729857503,2.88,114.40,111.52,5346.344041,5211.762051392,15.17,28.00,16.0,16.0,
2000,libaom-av1,3,46.898569024,2.58,113.27,110.69,5312.310985,5191.312676919,15.18,28.00,16.0,16.0,
3000,libaom-av1,1,51.073779878,2.87,114.96,112.09,5871.608748,5725.026999751,15.26,29.00,16.0,16.0,73.5441
3000,libaom-av1,2,50.917244037,2.98,116.62,113.64,5938.270443,5786.537055770,15.38,35.00,16.0,16.0,
3000,libaom-av1,3,50.983010801,2.29,115.47,113.18,5887.054814,5770.303719266,15.32,30.00,16.0,16.0,
4000,libaom-av1,1,54.201548908,2.18,117.43,115.25,6365.340517,6247.181140381,15.43,30.00,16.0,16.0,78.8386
4000,libaom-av1,2,54.658430347,2.95,116.53,113.58,6369.744557,6208.502187477,15.46,29.00,16.0,16.0,
4000,libaom-av1,3,54.583898483,2.27,116.32,114.05,6349.275006,6225.369556444,15.50,32.00,16.0,16.0,
5000,libaom-av1,1,58.757943872,3.30,118.97,115.67,6990.774706,6796.873491223,15.67,32.00,16.0,16.0,83.3644
5000,libaom-av1,2,58.721145626,1.66,120.23,118.57,7060.109367,6962.632265261,15.63,31.00,16.0,16.0,
5000,libaom-av1,3,58.779897592,1.67,119.45,117.78,7021.368133,6923.205704022,15.59,30.00,16.0,16.0,
7000,libaom-av1,1,62.802173680,1.55,118.14,116.59,7419.548511,7322.205141796,15.75,33.00,16.0,16.0,87.8648
7000,libaom-av1,2,62.703620994,1.66,120.62,118.96,7563.530869,7459.442858150,15.67,31.00,16.0,16.0,
7000,libaom-av1,3,62.429492587,1.77,119.10,117.33,7435.946113,7325.445911122,15.67,31.00,16.0,16.0,
10000,libaom-av1,1,74.107980209,1.56,121.74,120.18,9022.351781,8906.743331874,16.34,31.00,16.0,16.0,92.1228
10000,libaom-av1,2,74.069352405,1.91,123.17,121.26,9123.236777,8981.764313907,16.39,30.00,16.0,16.0,
10000,libaom-av1,3,74.009555035,1.86,122.18,120.32,9043.086713,8905.428940635,16.42,31.00,16.0,16.0,
20000,libaom-av1,1,84.132239367,1.44,122.34,120.90,10293.469620,10172.319195312,16.56,31.00,16.0,16.0,97.2124
20000,libaom-av1,2,84.352730150,1.47,122.35,120.88,10321.019294,10197.020780680,16.54,31.00,16.0,16.0,
20000,libaom-av1,3,84.303442670,1.32,121.25,119.93,10222.225784,10110.945239676,16.54,31.00,16.0,16.0,
30000,libaom-av1,1,88.994172068,1.55,121.52,119.97,10815.089256,10677.148289295,16.73,30.00,16.0,16.0,98.1349
30000,libaom-av1,2,88.657765543,1.39,123.23,121.84,10925.936629,10802.702334896,16.76,32.00,16.0,16.0,
30000,libaom-av1,3,88.966416131,1.07,122.44,121.37,10893.902532,10798.708466740,16.75,34.00,16.0,16.0,
50000,libaom-av1,1,89.150164203,1.72,121.28,119.56,10812.503631,10659.165348571,16.70,29.00,16.0,16.0,98.1349
50000,libaom-av1,2,89.006610432,2.34,122.62,120.28,10914.481214,10706.205745590,16.70,30.00,16.0,16.0,
50000,libaom-av1,3,88.967129903,1.52,122.02,120.50,10856.590188,10721.360150548,16.73,32.00,16.0,16.0,
100,libvvenc,1,29.249575814,1.65,164.24,162.59,4804.021454,4755.759653907,24.52,35.00,16.0,16.0,21.6159
100,libvvenc,2,29.599464686,1.53,163.50,161.97,4839.659119,4794.371938031,24.50,33.00,16.0,16.0,
100,libvvenc,3,29.615509567,1.62,164.13,162.51,4860.873787,4812.896661502,24.51,35.00,16.0,16.0,
200,libvvenc,1,30.228472396,1.74,171.14,169.40,5173.514771,5120.917229031,25.45,35.00,16.0,16.0,35.2352
200,libvvenc,2,30.326611722,1.94,170.79,168.85,5179.741684,5120.908057260,25.48,33.00,16.0,16.0,
200,libvvenc,3,30.290445448,1.81,170.19,168.38,5155.371751,5100.546044740,25.46,34.00,16.0,16.0,
500,libvvenc,1,34.948565435,1.48,177.06,175.58,6188.326260,6136.602383157,26.33,33.00,16.0,16.0,56.3081
500,libvvenc,2,35.044625437,1.76,176.43,174.67,6183.253824,6121.575283231,26.27,33.00,16.0,16.0,
500,libvvenc,3,34.937271547,1.89,178.06,176.17,6221.030582,6154.999138777,26.37,35.00,16.0,16.0,
700,libvvenc,1,38.024054882,1.52,179.47,177.95,6824.556625,6766.760061580,26.50,33.00,16.0,16.0,64.2480
700,libvvenc,2,38.205478340,1.26,178.29,177.03,6811.739703,6763.600800292,26.44,33.00,16.0,16.0,
700,libvvenc,3,38.446515612,1.15,175.13,173.98,6733.470983,6689.257490047,26.45,34.00,16.0,16.0,
1000,libvvenc,1,42.918396162,1.65,176.43,174.78,7572.254724,7501.439370333,26.56,33.00,16.0,16.0,72.3940
1000,libvvenc,2,42.764795419,1.70,177.73,176.03,7600.824841,7528.124688788,26.47,34.00,16.0,16.0,
1000,libvvenc,3,42.615120453,1.61,177.96,176.35,7583.940790,7515.330446071,26.52,32.00,16.0,16.0,
2000,libvvenc,1,56.427218209,1.62,179.80,178.18,10145.941189,10054.529095502,26.44,33.00,16.0,16.0,85.9119
2000,libvvenc,2,56.528993924,1.78,180.44,178.66,10200.210460,10099.588850816,26.43,36.00,16.0,16.0,
2000,libvvenc,3,56.427283727,1.62,179.54,177.92,10131.080083,10039.667883363,26.40,33.00,16.0,16.0,
3000,libvvenc,1,67.471217244,1.76,180.77,179.01,12197.321558,12078.572215651,26.33,33.00,16.0,16.0,91.6229
3000,libvvenc,2,67.620136724,2.11,180.87,178.76,12230.483644,12087.805155513,26.28,33.00,16.0,16.0,
3000,libvvenc,3,67.463514143,1.85,179.93,178.08,12139.343252,12014.535750836,26.35,33.00,16.0,16.0,
4000,libvvenc,1,77.280993017,1.63,180.21,178.58,13926.832328,13800.864309383,26.36,37.00,16.0,16.0,94.7670
4000,libvvenc,2,77.420363265,1.46,180.81,179.35,13998.484977,13885.451246634,26.33,33.00,16.0,16.0,
4000,libvvenc,3,77.338469456,1.44,180.70,179.26,13975.419301,13864.051904984,26.33,33.00,16.0,16.0,
5000,libvvenc,1,86.057460201,1.52,179.61,178.09,15456.900555,15326.093215495,26.31,43.00,16.0,16.0,96.5925
5000,libvvenc,2,85.857588707,1.26,180.81,179.55,15524.232231,15416.051669230,26.29,35.00,16.0,16.0,
5000,libvvenc,3,85.645352194,1.90,181.36,179.46,15532.777802,15370.051632832,26.33,33.00,16.0,16.0,
7000,libvvenc,1,101.443696207,1.54,181.04,179.50,18365.498516,18209.275223842,26.34,41.00,16.0,16.0,98.4816
7000,libvvenc,2,101.451083143,1.77,182.44,180.67,18509.306071,18329.737653837,26.28,34.00,16.0,16.0,
7000,libvvenc,3,101.249384964,1.70,182.00,180.30,18427.766423,18255.642468562,26.34,36.00,16.0,16.0,
10000,libvvenc,1,121.805941299,1.73,184.04,182.31,22418.151838,22207.427559553,26.50,45.00,16.0,16.0,99.5285
10000,libvvenc,2,122.092280308,3.01,182.02,179.01,22223.982657,21856.484893273,26.50,33.00,16.0,16.0,
10000,libvvenc,3,122.006553780,1.47,182.54,181.07,22271.143669,22091.794034944,26.50,38.00,16.0,16.0,
20000,libvvenc,1,168.589720854,1.79,182.92,181.13,30839.154328,30537.378727672,26.57,35.00,16.0,16.0,99.8859
20000,libvvenc,2,168.258752354,1.99,184.10,182.11,30977.384260,30642.549342816,26.57,37.00,16.0,16.0,
20000,libvvenc,3,168.512166005,1.83,183.12,181.29,30858.341596,30549.964332211,26.56,33.00,16.0,16.0,
30000,libvvenc,1,187.735233870,1.75,183.50,181.75,34450.801394,34122.264734728,26.58,34.00,16.0,16.0,99.9026
30000,libvvenc,2,188.048042586,2.49,184.72,182.23,34736.617189,34268.377562961,26.57,36.00,16.0,16.0,
30000,libvvenc,3,187.478818226,1.46,183.82,182.36,34463.341217,34189.622142391,26.60,46.00,16.0,16.0,
50000,libvvenc,1,200.170424108,1.85,182.41,180.56,36514.848355,36144.533070401,26.56,33.00,16.0,16.0,99.9115
50000,libvvenc,2,199.514169004,1.63,185.42,183.79,36995.477679,36670.269583524,26.67,47.00,16.0,16.0,
50000,libvvenc,3,199.934415284,2.31,184.54,182.23,36896.965969,36435.117469694,26.57,34.00,16.0,16.0,
