Bitrate,Codec,RunTimes,Duration,Idle Power (W),Total Power (W),FFmpeg Power (W),Total Energy (J),Ffmpeg Energy (J),CPU Avg (%),CPU Max (%),Temp Avg (°C),Temp Max (°C),VMAF Mean,Encoded Size(Bytes),Encoded Size(kbps)
100,libx264,1,1.493840,1.30,12.22,10.92,18.260600,16.318608,401.75,743.50,0.0,0.0,6.5371,0,0
100,libx264,1,1.597231,4.71,12.47,7.76,19.931200,12.408242,404.85,705.50,0.0,0.0,6.5371,608469,121.79
100,libx264,2,1.614550,2.79,12.48,9.69,20.163700,15.659106,397.65,726.70,0.0,0.0,,608469,121.79
500,libx264,1,1.757272,.25,11.75,11.50,20.655800,20.216482,440.40,815.20,0.0,0.0,18.3381,2955903,591.67
500,libx264,2,2.124693,.48,14.33,13.85,30.462000,29.442148,459.20,817.00,0.0,0.0,,2955903,591.67
1000,libx264,1,1.791846,.66,13.92,13.26,24.950100,23.767482,466.10,845.60,0.0,0.0,32.2057,5975358,1196.06
1000,libx264,2,1.797182,2.39,13.87,11.48,24.936200,20.640936,436.40,794.20,0.0,0.0,,5975358,1196.06
2000,libx264,1,1.829322,.12,15.96,15.84,29.203200,28.983682,469.65,914.90,0.0,0.0,59.5789,12165914,2435.21
2000,libx264,2,2.112326,1.28,15.12,13.84,31.954500,29.250723,486.90,900.80,0.0,0.0,,12165914,2435.21
3000,libx264,1,1.967646,.24,16.39,16.15,32.256500,31.784265,493.55,955.40,0.0,0.0,74.4051,18352465,3673.55
3000,libx264,2,2.067400,1.51,16.42,14.91,33.951500,30.829726,555.45,941.70,0.0,0.0,,18352465,3673.55
5000,libx264,1,2.314295,2.86,16.68,13.82,38.623200,32.004317,688.30,1024.00,0.0,0.0,88.0437,30754659,6156.06
5000,libx264,2,2.249900,.80,14.84,14.04,33.399000,31.599080,684.43,1006.70,0.0,0.0,,30754659,6156.06
7000,libx264,1,2.296982,.79,17.64,16.85,40.522600,38.707985,709.10,1061.60,0.0,0.0,94.0434,43110350,8629.26
7000,libx264,2,2.371542,.19,15.85,15.66,37.596800,37.146208,695.60,1038.90,0.0,0.0,,43110350,8629.26
10000,libx264,1,2.553271,.44,17.76,17.32,45.364200,44.240761,724.77,1055.50,0.0,0.0,97.7537,61534156,12317.09
10000,libx264,2,2.559214,.86,15.79,14.93,40.434700,38.233776,714.40,1050.40,0.0,0.0,,61534156,12317.09
20000,libx264,1,3.317715,.48,18.86,18.38,62.584400,60.991897,792.73,1039.50,0.0,0.0,99.7870,122238402,24468.07
20000,libx264,2,3.186471,.15,19.23,19.08,61.299300,60.821330,685.93,1055.60,0.0,0.0,,122238402,24468.07
50000,libx264,1,4.332740,.27,19.85,19.58,86.032000,84.862161,819.52,1032.80,0.0,0.0,99.9272,301783691,60407.07
50000,libx264,2,4.332010,2.38,19.80,17.42,85.785900,75.475717,856.78,1071.60,0.0,0.0,,301783691,60407.07
100,libx265,1,5.446310,2.74,16.73,13.99,91.135900,76.213011,545.37,665.20,0.0,0.0,8.6294,568271,113.74
100,libx265,2,5.565329,.16,16.82,16.66,93.634100,92.743648,548.78,692.60,0.0,0.0,,568271,113.74
500,libx265,1,7.451624,.27,23.96,23.69,178.598000,176.586062,829.36,962.20,0.0,0.0,40.3314,3009651,602.43
500,libx265,2,7.641190,1.75,23.62,21.87,180.551000,167.178918,831.97,976.70,0.0,0.0,,3009651,602.43
1000,libx265,1,8.960925,.20,25.11,24.91,225.075000,223.282815,896.94,1029.10,0.0,0.0,60.3856,6078175,1216.64
1000,libx265,2,9.388899,3.26,25.08,21.82,235.534000,204.926190,886.66,1019.80,0.0,0.0,,6078175,1216.64
2000,libx265,1,11.274343,.19,25.97,25.78,292.850000,290.707875,936.64,1060.10,0.0,0.0,79.0933,12256719,2453.38
2000,libx265,2,11.065674,.15,25.98,25.83,287.539000,285.879149,920.11,1050.90,0.0,0.0,,12256719,2453.38
3000,libx265,1,12.227888,.58,26.35,25.77,322.268000,315.175825,929.73,1042.90,0.0,0.0,87.4043,18423970,3687.86
3000,libx265,2,12.193010,.18,26.24,26.06,319.977000,317.782259,948.07,1064.70,0.0,0.0,,18423970,3687.86
5000,libx265,1,14.140152,.17,26.32,26.15,372.294000,369.890175,961.74,1060.20,0.0,0.0,94.6740,30704511,6146.02
5000,libx265,2,14.034277,4.01,26.36,22.35,370.038000,313.760550,960.74,1084.80,0.0,0.0,,30704511,6146.02
7000,libx265,1,15.635768,.17,26.29,26.12,411.120000,408.461920,966.92,1069.50,0.0,0.0,97.5284,42918168,8590.79
7000,libx265,2,15.880442,.86,26.07,25.21,414.007000,400.349820,973.05,1071.50,0.0,0.0,,42918168,8590.79
10000,libx265,1,17.353998,.57,25.88,25.31,449.160000,439.268222,985.36,1071.70,0.0,0.0,99.1072,61237902,12257.79
10000,libx265,2,17.233229,3.25,26.28,23.03,453.025000,397.017006,985.94,1068.00,0.0,0.0,,61237902,12257.79
20000,libx265,1,20.388793,.31,26.03,25.72,530.924000,524.603475,998.81,1080.60,0.0,0.0,99.8580,121435110,24307.27
20000,libx265,2,20.277435,.36,26.11,25.75,529.498000,522.198124,993.21,1085.50,0.0,0.0,,121435110,24307.27
50000,libx265,1,26.801127,.41,25.46,25.05,682.533000,671.544538,1015.14,1072.40,0.0,0.0,99.9365,298606877,59771.18
50000,libx265,2,27.092173,.55,25.28,24.73,684.932000,670.031305,1000.25,1075.10,0.0,0.0,,298606877,59771.18
100,libvpx-vp9,1,32.295727,2.00,16.57,14.57,535.304000,470.712546,386.96,660.60,0.0,0.0,38.8412,2099384,420.22
100,libvpx-vp9,2,32.177962,3.10,16.53,13.43,532.080000,432.328318,373.13,480.60,0.0,0.0,,2099384,420.22
500,libvpx-vp9,1,34.079854,.14,16.55,16.41,564.239000,559.467821,354.28,449.40,0.0,0.0,50.0813,3407253,682.01
500,libvpx-vp9,2,34.383740,5.06,16.60,11.54,570.982000,397.000276,363.48,456.70,0.0,0.0,,3407253,682.01
1000,libvpx-vp9,1,37.325943,1.53,16.59,15.06,619.294000,562.185308,355.49,415.40,0.0,0.0,65.3437,6373908,1275.84
1000,libvpx-vp9,2,37.521516,7.30,16.73,9.43,627.945000,354.037934,375.25,449.20,0.0,0.0,,6373908,1275.84
2000,libvpx-vp9,1,43.830591,.15,16.45,16.30,721.317000,714.742412,354.54,436.60,0.0,0.0,80.4657,12354152,2472.89
2000,libvpx-vp9,2,44.121723,.17,16.52,16.35,728.959000,721.458308,360.99,507.60,0.0,0.0,,12354152,2472.89
3000,libvpx-vp9,1,49.422251,.44,16.38,15.94,809.653000,787.907210,354.54,460.10,0.0,0.0,87.3780,18008955,3604.79
3000,libvpx-vp9,2,49.546246,2.78,16.50,13.72,817.913000,680.174437,364.19,567.90,0.0,0.0,,18008955,3604.79
5000,libvpx-vp9,1,57.666349,1.62,16.31,14.69,940.989000,847.569515,354.85,513.50,0.0,0.0,93.1612,28248850,5654.48
5000,libvpx-vp9,2,57.672531,3.05,16.38,13.33,944.801000,768.899781,346.70,416.60,0.0,0.0,,28248850,5654.48
7000,libvpx-vp9,1,64.077800,.16,16.45,16.29,1054.110000,1043.857552,362.30,504.50,0.0,0.0,96.2619,37903729,7587.06
7000,libvpx-vp9,2,63.874850,5.50,16.47,10.97,1052.610000,701.298325,351.13,486.20,0.0,0.0,,37903729,7587.06
10000,libvpx-vp9,1,71.320567,.27,16.46,16.19,1174.220000,1154.963447,354.16,452.40,0.0,0.0,98.2774,51775745,10363.78
10000,libvpx-vp9,2,71.497133,.20,16.53,16.33,1181.890000,1167.590574,351.98,489.00,0.0,0.0,,51775745,10363.78
20000,libvpx-vp9,1,89.127571,.19,16.73,16.54,1491.840000,1474.905762,362.30,495.70,0.0,0.0,99.7482,95441834,19104.28
20000,libvpx-vp9,2,89.714852,3.41,16.84,13.43,1511.650000,1205.722355,370.19,626.30,0.0,0.0,,95441834,19104.28
50000,libvpx-vp9,1,120.051021,.24,17.33,17.09,2080.690000,2051.877755,372.30,590.90,0.0,0.0,99.9264,221350414,44307.00
50000,libvpx-vp9,2,122.548438,9.42,17.37,7.95,2128.860000,974.453715,382.40,563.30,0.0,0.0,,221350414,44307.00
100,libsvtav1,1,28.165947,.58,25.48,24.90,717.875000,701.538751,969.64,1055.00,0.0,0.0,43.8588,423897833,84850.27
100,libsvtav1,2,27.346633,.87,25.75,24.88,704.219000,680.427430,966.99,1051.60,0.0,0.0,,1618372,323.94
500,libsvtav1,1,31.356927,.99,25.68,24.69,805.473000,774.429643,974.60,1049.70,0.0,0.0,58.6843,494803465,99043.22
500,libsvtav1,2,29.948620,.17,25.84,25.67,774.122000,769.030735,965.76,1051.20,0.0,0.0,,3052065,610.92
1000,libsvtav1,1,32.643590,1.64,26.02,24.38,849.656000,796.120513,944.88,1045.00,0.0,0.0,75.1074,570787495,114252.70
1000,libsvtav1,2,32.816222,2.23,25.84,23.61,848.105000,774.924825,931.89,1048.70,0.0,0.0,,6156121,1232.25
2000,libsvtav1,1,32.555468,.15,26.27,26.12,855.421000,850.537680,977.22,1047.90,0.0,0.0,87.6419,620946772,124292.93
2000,libsvtav1,2,32.851514,.36,26.22,25.86,861.550000,849.723455,980.67,1069.50,0.0,0.0,,12295860,2461.22
3000,libsvtav1,1,36.046313,2.78,26.48,23.70,954.669000,854.460250,988.51,1062.10,0.0,0.0,92.5265,640711598,128249.19
3000,libsvtav1,2,35.877020,2.99,26.40,23.41,947.302000,840.029711,977.05,1059.50,0.0,0.0,,18449132,3692.90
5000,libsvtav1,1,35.518759,.58,26.38,25.80,937.045000,916.444120,987.13,1063.90,0.0,0.0,96.6648,669866742,134085.08
5000,libsvtav1,2,35.179946,1.39,26.43,25.04,929.986000,881.085876,977.88,1067.20,0.0,0.0,,30652018,6135.51
7000,libsvtav1,1,31.637320,.10,26.02,25.92,823.381000,820.217268,962.48,1046.40,0.0,0.0,98.1639,699238342,139964.30
7000,libsvtav1,2,32.241145,.92,25.84,24.92,833.332000,803.670147,961.86,1049.40,0.0,0.0,,42737236,8554.57
10000,libsvtav1,1,33.526268,.44,26.07,25.63,874.334000,859.582443,975.21,1064.20,0.0,0.0,99.1401,726521988,145425.58
10000,libsvtav1,2,33.375065,2.89,26.11,23.22,871.526000,775.072063,977.23,1125.20,0.0,0.0,,61174856,12245.17
20000,libsvtav1,1,37.563366,2.59,26.25,23.66,986.302000,889.012883,979.23,1069.00,0.0,0.0,99.8173,789338122,157999.29
20000,libsvtav1,2,38.753876,1.90,25.88,23.98,1003.310000,929.677636,968.49,1056.80,0.0,0.0,,122450368,24510.49
50000,libsvtav1,1,47.665894,.29,26.33,26.04,1255.400000,1241.576891,991.54,1076.10,0.0,0.0,99.9113,847187105,169578.73
50000,libsvtav1,2,47.367802,.30,26.21,25.91,1241.610000,1227.399660,995.00,1073.50,0.0,0.0,,305102305,61071.35
100,libaom-av1,1,35.467872,.31,14.56,14.25,516.661000,505.665960,422.39,574.90,0.0,0.0,33.5018,367166817,73494.60
100,libaom-av1,2,35.867705,2.37,14.66,12.29,525.874000,440.867540,436.38,586.70,0.0,0.0,,1325822,265.38
500,libaom-av1,1,46.344972,2.94,15.33,12.39,710.478000,574.223783,449.59,580.80,0.0,0.0,52.1420,515888817,103263.81
500,libaom-av1,2,45.811600,.33,15.35,15.02,703.516000,688.398172,446.26,578.70,0.0,0.0,,3230513,646.64
1000,libaom-av1,1,53.945760,5.00,15.63,10.63,843.319000,573.590200,439.22,595.40,0.0,0.0,67.9819,578631865,115822.89
1000,libaom-av1,2,53.965390,.18,15.85,15.67,855.771000,846.057230,457.90,615.30,0.0,0.0,,6387451,1278.55
2000,libaom-av1,1,64.569341,3.20,16.41,13.21,1060.170000,853.548109,477.56,621.60,0.0,0.0,82.1551,627054128,125515.42
2000,libaom-av1,2,64.333095,3.24,16.33,13.09,1050.580000,842.140773,470.04,574.80,0.0,0.0,,12381068,2478.27
3000,libaom-av1,1,74.372462,1.10,16.95,15.85,1260.890000,1179.080292,488.49,627.70,0.0,0.0,88.7465,655716745,131252.72
3000,libaom-av1,2,75.839781,3.96,17.09,13.13,1296.160000,995.834468,522.24,671.10,0.0,0.0,,18217895,3646.61
5000,libaom-av1,1,90.819655,.51,17.57,17.06,1596.470000,1550.151976,538.33,728.60,0.0,0.0,94.5676,693040737,138723.75
5000,libaom-av1,2,88.433021,2.88,17.50,14.62,1548.460000,1293.772900,481.07,604.30,0.0,0.0,,29277951,5860.47
7000,libaom-av1,1,97.564482,2.68,17.77,15.09,1733.880000,1472.407189,520.81,871.70,0.0,0.0,96.9797,718488445,143817.53
7000,libaom-av1,2,93.781856,.23,17.49,17.26,1641.060000,1619.490174,519.51,712.00,0.0,0.0,,38784581,7763.38
10000,libaom-av1,1,91.387568,.30,16.82,16.52,1537.640000,1510.223730,466.12,678.80,0.0,0.0,98.5566,743145074,148752.97
10000,libaom-av1,2,90.973220,2.10,16.93,14.83,1540.930000,1349.886238,475.05,697.90,0.0,0.0,,52165196,10441.74
20000,libaom-av1,1,104.924049,2.75,16.84,14.09,1767.170000,1478.628866,469.14,672.00,0.0,0.0,99.8081,790626334,158257.14
20000,libaom-av1,2,105.082985,3.32,16.85,13.53,1771.030000,1422.154490,482.14,741.50,0.0,0.0,,95967197,19209.44
50000,libaom-av1,1,146.431517,.10,17.49,17.39,2561.540000,2546.896849,490.62,792.40,0.0,0.0,99.9127,826029025,165343.59
50000,libaom-av1,2,146.819931,.15,17.35,17.20,2547.890000,2525.867011,493.09,729.40,0.0,0.0,,213649094,42765.45
